time,complete
0,-0.0373478
1,0.02750736
2,0.021878965
3,-0.037507267
4,0.000412643
5,0.03241826
6,-0.00422565
7,0.011577103
8,0.052424147
9,0.01895756
10,0.026665034
11,0.068458823
12,0.113117098
13,0.241964945
14,0.378380103
15,0.489042175
16,0.685841563
17,0.815151084
18,0.932375217
19,0.90598457
20,0.944476251
21,0.964817658
22,0.962719827
23,0.994153843
24,1.029030735
25,0.993836006
26,1.021281578
27,1.004972502
28,0.973226493
29,0.957065275
30,1.036615481
